{
  "lr": {
    "rmse": 9070.24311706831,
    "mae": 55.97603740249967,
    "r2": 0.36139691849186883
  },
  "rf": {
    "rmse": 8373.883718609606,
    "mae": 52.43702866687119,
    "r2": 0.4104250704336895
  },
  "rf_pipeline_path": "rf_pipeline_student.joblib"
}